–ù–∞–∏–º–µ–Ω–æ–≤–∞–Ω–∏–µ –æ—Ä–≥–∞–Ω–∏–∑–∞—Ü–∏–∏|–ê–¥—Ä–µ—Å –æ—Ä–≥–∞–Ω–∏–∑–∞—Ü–∏–∏|–ù–æ–º–µ—Ä–∞ —Ç–µ–ª–µ—Ñ–æ–Ω–æ–≤ –æ—Ä–≥–∞–Ω–∏–∑–∞—Ü–∏–∏|–ß–∞—Å—ã —Ä–∞–±–æ—Ç—ã –æ—Ä–≥–∞–Ω–∏–∑–∞—Ü–∏–∏|–û—Ç–∑—ã–≤—ã
–ë–∏–∑–Ω–µ—Å–ë–∞—Å –°–µ—Ä–≤–∏—Å|–ü—É—Ç–µ–≤–æ–π –ø—Ä., 15|+7 (495) 661-30-40, +7 (495) 661-30-40|–µ–∂–µ–¥–Ω–µ–≤–Ω–æ, 09:00-21:00|‚Äî
–ö–∏–∞ –†–µ–º–æ–Ω—Ç –õ–∏–¥–µ—Ä|–ú–æ–∂–∞–π—Å–∫–æ–µ —à., 159 –∫ 9, –ú–æ—Å–∫–≤–∞, –†–æ—Å—Å–∏—è, 121374|+7 (495) 649-82-18|–≤—Å 10:00-18:00; –ø–Ω-—Å–± 10:00-20:00|‚Äî
–ê–≤—Ç–æ–ø–∏–ª–æ—Ç|—É–ª. –†–µ—á–Ω–∏–∫–æ–≤, 19, –ú–æ—Å–∫–≤–∞|+7 (495) 120-20-45|–µ–∂–µ–¥–Ω–µ–≤–Ω–æ, 08:00‚Äì21:00|–ü—Ä–∏—Ö–æ–¥–∏–ª –ø–æ–¥–ª–∞—Ç–∞—Ç—å, –≤—Å—ë —Å–¥–µ–ª–∞–ª–∏ –≥—Ä–∞–º–æ—Ç–Ω–æ, –¥–∞–∂–µ —Å–∫–∏–¥–∫—É –Ω–µ –∑–∞—Ö–æ—Ç–µ–ª –ø—Ä–æ—Å–∏—Ç—å, –æ—á–µ–Ω—å –∫–∞—á–µ—Å—Ç–≤–µ–Ω–Ω–æ, —Å–ø–∞—Å–∏–±–æ, —Ä–µ–±—è—Ç–∞.
–ú–æ—Å-–æ–ª–∏–º–ø|–¢–∞—à–∫–µ–Ω—Ç—Å–∫–∞—è —É–ª., 28, —Å—Ç—Ä. 1, –ú–æ—Å–∫–≤–∞|+7 (495) 514-38-22|–µ–∂–µ–¥–Ω–µ–≤–Ω–æ, 09:00‚Äì20:00|–ü—Ä–∞–π—Å –Ω–∞ —Å–∞–π—Ç–µ —Å–æ–æ—Ç–≤–µ—Ç—Å—Ç–≤—É–µ—Ç —Ä–µ–∞–ª—å–Ω–æ—Å—Ç–∏, –Ω–∏–∫–∞–∫–∏—Ö –ª–∏—à–Ω–∏—Ö —É—Å–ª—É–≥ –Ω–µ –Ω–∞–≤—è–∑—ã–≤–∞—é—Ç. –ü–æ–ø–∞–ª—Å—è –æ—á–µ–Ω—å —Ä—É–∫–∞—Å—Ç—ã–π –º–∞—Å—Ç–µ—Ä, –∏—Å–ø—Ä–∞–≤–∏–ª –ø—Ä–æ–±–ª–µ–º—É —Å —Ç–æ—Ä–º–æ–∑–∞–º–∏, –∫–æ—Ç–æ—Ä—É—é —Ç—Ä–∏ ‚Ä¶
–ê—Ä–∫ –°–µ—Ä–≤–∏—Å|–ê–∑–æ–≤—Å–∫–∞—è —É–ª., 28–ë, —Å—Ç—Ä. 4, –ú–æ—Å–∫–≤–∞|+7 (495) 720-35-13, +7 (903) 720-35-13|–µ–∂–µ–¥–Ω–µ–≤–Ω–æ, 10:00‚Äì21:00|–í —Å–µ—Ä–≤–∏—Å–µ –∑–∞–º–µ–Ω—è–ª —Ü–µ–ø—å –Ω–∞ –º–µ—Ä—Å–µ–¥–µ—Å–µ, –æ—Å—Ç–∞–ª—Å—è –¥–æ–≤–æ–ª–µ–Ω, —Ä–µ–±—è—Ç–∞ —Å–¥–µ–ª–∞–ª–∏ –±—ã—Å—Ç—Ä–æ. –°–ø–∞—Å–∏–±–æ.
–ö–∞—Ä–°|–ê–ª—Ç—É—Ñ—å–µ–≤—Å–∫–æ–µ —à., –¥31 —Å—Ç—Ä1, –ú–æ—Å–∫–≤–∞|+7 (993) 343-55-33, +7 (993) 342-55-33|–µ–∂–µ–¥–Ω–µ–≤–Ω–æ, 09:00-21:00|‚Äî
ZFcenter|–ê–ª—Ç—É—Ñ—å–µ–≤—Å–∫–æ–µ —à., 31, —Å—Ç—Ä. 1, –ú–æ—Å–∫–≤–∞|+7 (926) 209-26-79, +7 (495) 664-41-00|–ø–Ω-–ø—Ç 09:30‚Äì18:30; —Å–± 10:00‚Äì16:00|–ú–µ–Ω—è–ª –º–∞—Å–ª–æ —É —Ä–µ–±—è—Ç.
–î–∏–∑–µ–ª—å-—Ñ–æ—Ä—Å|–í–æ–ª–≥–æ–≥—Ä–∞–¥—Å–∫–∏–π –ø—Ä–æ—Å–ø., 128, –∫–æ—Ä–ø. 5|+7 (499) 322-91-11, +7 (7172) 78-81-60|–ø–Ω-–ø—Ç 09:00‚Äì18:00|‚Äî
–ê–≤—Ç–æ–ø–∏–ª–æ—Ç|–°–º–∏—Ä–Ω–æ–≤—Å–∫–∞—è —É–ª., 2, —Å—Ç—Ä. 1|+7 (495) 120-20-45|–µ–∂–µ–¥–Ω–µ–≤–Ω–æ, 08:00‚Äì21:00|–î–∞, —Ö–æ—Ä–æ—à–∏–µ —Ä–µ–±—è—Ç–∞, –¥–µ–ª–∞—é—Ç –Ω–∞ –ø—Ä–æ—Ñ–µ—Å—Å–∏–æ–Ω–∞–ª—å–Ω–æ–º —É—Ä–æ–≤–Ω–µ. –ù–∞ –ø–∞—Å—Å–∞—Ç–µ —É–≤–µ–ª–∏—á–∏–≤–∞–ª—Å—è —É—Ä–æ–≤–µ–Ω—å –º–∞—Å–ª–∞-–¥—É–º–∞–ª —Ö–∞–Ω–∞ –¥–≤–∏–∂–∫—É, –æ–∫–∞–∑–∞–ª–æ—Å—å —Å —Ñ–æ—Ä—Å—É–Ω–∫–∞–º–∏ –ø—Ä–æ–±–ª–µ–º–∞. –°–Ω—è–ª–∏, –ø–æ—Ä–µ–º–æ–Ω—Ç–∏—Ä–æ–≤–∞–ª–∏ ‚Ä¶
A1 –º–æ—Ç–æ—Ä—Å drive|1-—è –î—É–±—Ä–æ–≤—Å–∫–∞—è —É–ª., 13–ê, —Å—Ç—Ä. 4, –ú–æ—Å–∫–≤–∞|+7 (925) 001-08-57, +7 (495) 120-15-38, +7 (499) 110-42-89, +7 (499) 110-42-87|–µ–∂–µ–¥–Ω–µ–≤–Ω–æ, 09:00‚Äì21:00|–•–æ—Ä–æ—à–∏–π —Å–µ—Ä–≤–∏—Å, –≤—Å—ë –æ—Ñ–∏—Ü–∏–∞–ª—å–Ω–æ, –Ω–µ–¥–æ—Ä–æ–≥–æ, —Å –≥–∞—Ä–∞–Ω—Ç–∏–µ–π. –ë–∞–∑–æ–≤—ã–µ –∑–∞–ø—á–∞—Å—Ç–∏ –∏ —Ä–∞—Å—Ö–æ–¥–Ω–∏–∫–∏ –≤ –Ω–∞–ª–∏—á–∏–∏, –æ—Ç–¥–µ–ª—å–Ω–æ –ø–æ–∫—É–ø–∞—Ç—å –Ω–µ –Ω–∞–¥–æ. –í —ç—Ç–æ–º —Å–µ—Ä–≤–∏—Å–µ ‚Ä¶
–†—É—Å–ö–æ–º–ê–≤—Ç–æ|—É–ª. –ü–æ–¥–æ–ª—å—Å–∫–∏—Ö –ö—É—Ä—Å–∞–Ω—Ç–æ–≤, 32, –ú–æ—Å–∫–≤–∞|+7 (901) 417-28-18, +7 (968) 320-15-97, +7 (903) 242-13-42, +7 (966) 030-25-30|–ø–Ω-–ø—Ç 09:00‚Äì18:00|–æ—á–µ–Ω—å –¥—Ä—É–∂–µ–ª—é–±–Ω—ã–µ –∏ —Ö–æ—Ä–æ—à–∏–µ –º–∞—Å—Ç–µ—Ä–∞ —Ä–∞–±–æ—Ç–∞—é—Ç –≤ —ç—Ç–æ–º —Å–µ—Ä–≤–∏—Å–µ.—Å –ø—Ä–æ—à–ª–æ–≥–æ –≥–æ–¥–∞ —Ä–µ–º–æ–Ω—Ç–∏—Ä—É—é—Å—å —É –Ω–∏—Ö
–ï–≤—Ä–æ–ø–∞-–ê–≤—Ç–æ|6-—è –†–∞–¥–∏–∞–ª—å–Ω–∞—è —É–ª., 30, —Å—Ç—Ä. 22, –ú–æ—Å–∫–≤–∞|8 (800) 550-70-64|–ø–Ω-–ø—Ç 10:00‚Äì20:00; —Å–±,–≤—Å 10:00‚Äì18:00|–û–∫—Ä–∞—Å–∫–∞ –∫–∞–±–∏–Ω—ã. –°–¥–µ–ª–∞–ª–∏ –∫–∞—á–µ—Å—Ç–≤–µ–Ω–Ω–æ.
–ê–≤—Ç–æ–ø–∏–ª–æ—Ç|1-–π –ø—Ä. –ü–µ—Ä–æ–≤–∞ –ü–æ–ª—è, 3, —Å—Ç—Ä. 14|+7 (495) 120-20-45|–µ–∂–µ–¥–Ω–µ–≤–Ω–æ, 08:00‚Äì21:00|–£ –º–µ–Ω—è —Å—Ç–∞—Ä–µ–Ω—å–∫–∏–π Volkswagen Transporter T5. –ë—ã–≤–∞–µ—Ç –Ω—É–∂–Ω—ã–µ –¥–µ—Ç–∞–ª–∏ –Ω–∞–π—Ç–∏ —Å–ª–æ–∂–Ω–æ–≤–∞—Ç–æ –∏ –ø—Ä–æ—Å—è—Ç –∑–∞ –Ω–∏—Ö –Ω–µ –º–∞–ª–æ. –ê –º–Ω–µ —ç—Ç—É ‚Ä¶
Crystal City|–ü—Ä–µ—Å–Ω–µ–Ω—Å–∫–∞—è –Ω–∞–±., 8, —Å—Ç—Ä. 1|+7 (495) 644-29-29, +7 (916) 648-80-88|–µ–∂–µ–¥–Ω–µ–≤–Ω–æ, 08:00‚Äì22:00|‚Äî
–§–æ—Ä–¥ –¢—Ä–∞–Ω–∑–∏—Ç –°–µ—Ä–≤–∏—Å|–†—è–∑–∞–Ω—Å–∫–∏–π –ø—Ä–æ—Å–ø., 4, —Å—Ç—Ä. 1, –ú–æ—Å–∫–≤–∞|+7 (905) 767-77-11, +7 (905) 769-77-11|–ø–Ω-–ø—Ç 09:00‚Äì19:00|–ë—ã–ª –ø–µ—Ä–≤—ã–π —Ä–∞–∑ –ø–æ–ª–≥–æ–¥–∞ –Ω–∞–∑–∞–¥, –º–∞—Å–ª–æ –º–µ–Ω—è–ª, –Ω–æ –ø–æ–ø–∞–ª –Ω–∞ —Å—Ç–∞–∂–µ—Ä–∞, –∫–æ—Ç–æ—Ä—ã–π –º–Ω–µ –≤—Å–µ –º–∞—Å–ª–æ–º –∑–∞–ª–∏–ª, –±—ã–ª –Ω–µ –æ—á–µ–Ω—å –¥–æ–≤–æ–ª–µ–Ω. ‚Ä¶
–ì—Ä–∞–Ω–¥–ê–≤—Ç–æ–°–µ—Ä–≤–∏—Å|2-–π –ö–æ–∂–µ–≤–Ω–∏—á–µ—Å–∫–∏–π –ø–µ—Ä., 12, —Å—Ç—Ä. 10, –ú–æ—Å–∫–≤–∞|+7 (919) 993-25-82|–µ–∂–µ–¥–Ω–µ–≤–Ω–æ, –∫—Ä—É–≥–ª–æ—Å—É—Ç–æ—á–Ω–æ|–•–æ—Ä–æ—à–∏–µ —Ä–µ–±—è—Ç–∞, –≤—Å—ë –±—ã—Å—Ç—Ä–æ –¥–µ–ª–∞—é—Ç –∏ –ø–æ —Ü–µ–Ω–∞–º –∞–¥–µ–∫–≤–∞—Ç–Ω—ã–º.
–ù-–î–∂–∏–Ω|–ö–∞—à–∏—Ä—Å–∫–æ–µ —à–æ—Å—Å–µ, 23-–π –∫–∏–ª–æ–º–µ—Ç—Ä, 1, —Å—Ç—Ä. 1, –ø–æ—Å—ë–ª–æ–∫ –°–æ–≤—Ö–æ–∑–∞ –∏–º–µ–Ω–∏ –õ–µ–Ω–∏–Ω–∞|+7 (495) 118-91-49, +7 (925) 397-00-27|–µ–∂–µ–¥–Ω–µ–≤–Ω–æ, 09:00-21:00|–í—Ä–µ–º—è —Å–¥–∞—á–∏ –∞–≤—Ç–æ –±—ã–ª–æ –æ–≥–æ–≤–æ—Ä–µ–Ω–æ –∑–∞—Ä–∞–Ω–µ–µ –∏ —Å–æ–±–ª—é–¥–µ–Ω–æ. –†–µ–º–æ–Ω—Ç –ø—Ä–æ–≤–µ–ª–∏ –∫–∞–∫ –ø–æ–ª–∞–≥–∞–µ—Ç—Å—è. –ó–∞–ø—á–∞—Å—Ç–∏ –ø—Ä–∏–æ–±—Ä–µ—Ç–∞–ª —Ç–∞–∫–∂–µ —á–µ—Ä–µ–∑ —Å–µ—Ä–≤–∏—Å, –ø–æ —Ü–µ–Ω–µ –≤—ã—à–ª–æ ‚Ä¶
ColdCars|2-–π –ò—Ä—Ç—ã—à—Å–∫–∏–π –ø—Ä-–¥, 6 —Å—Ç—Ä.9, –ú–æ—Å–∫–≤–∞|+7 (495) 789-18-80, +7 (903) 589-18-80|–ø–Ω-–ø—Ç 09:00-19:00; —Å–±, –≤—Å 10:00-16:00|‚Äî
Mirax Detailing Center|–ú–∞–ª–æ–º–æ—Å–∫–æ–≤—Å–∫–∞—è —É–ª., 22, —Å—Ç—Ä. 11|+7 (495) 877-37-22|–µ–∂–µ–¥–Ω–µ–≤–Ω–æ, 10:00‚Äì20:00|‚Äî
–ú–µ—Ö–∞–Ω–∏–∫|–°–∏–≥–Ω–∞–ª—å–Ω—ã–π –ø—Ä-–¥, 20 —Å—Ç—Ä–æ–µ–Ω–∏–µ 3, –ú–æ—Å–∫–≤–∞|+7 (926) 498-82-97, +7 (926) 498-83-01|–µ–∂–µ–¥–Ω–µ–≤–Ω–æ, 10:00-21:00|‚Äî
–ë–æ–≥–∞—Ç—ã—Ä—å-–°–µ—Ä–≤–∏—Å|–±—É–ª. –ì–µ–Ω–µ—Ä–∞–ª–∞ –ö–∞—Ä–±—ã—à–µ–≤–∞, 8, —Å—Ç—Ä. 4, –ú–æ—Å–∫–≤–∞|+7 (915) 243-25-57|–µ–∂–µ–¥–Ω–µ–≤–Ω–æ, –∫—Ä—É–≥–ª–æ—Å—É—Ç–æ—á–Ω–æ|‚Äî
–ö—É—Ç—É–∑–æ–≤–≤|–ö—Ä–∞—Å–Ω–æ–±–æ–≥–∞—Ç—ã—Ä—Å–∫–∞—è —É–ª., 89, —Å—Ç—Ä. 1|+7 (993) 894-80-55, +7 (499) 302-00-57|–µ–∂–µ–¥–Ω–µ–≤–Ω–æ, 09:00‚Äì21:00|‚Äî
–ê–≤—Ç–æ–¥–æ–º –°–µ—Ä–≤–∏—Å –í–∞—Ä—à–∞–≤–∫–∞|–í–∞—Ä—à–∞–≤—Å–∫–æ–µ —à., 91–ê, –ú–æ—Å–∫–≤–∞|+7 (495) 281-42-14|–µ–∂–µ–¥–Ω–µ–≤–Ω–æ, 09:00‚Äì21:00|‚Äî
–ò–ü –ö–æ–≤–∞–ª–µ–≤ –Æ—Ä–∏–π –í—è—á–µ—Å–ª–∞–≤–æ–≤–∏—á|–ú–∞–ª–∞—è –§–∏–ª—ë–≤—Å–∫–∞—è —É–ª., 18–∫3, –ú–æ—Å–∫–≤–∞|+7 (925) 168-46-13|–µ–∂–µ–¥–Ω–µ–≤–Ω–æ, –∫—Ä—É–≥–ª–æ—Å—É—Ç–æ—á–Ω–æ|‚Äî
–†—Ä-–º–∞—Å—Ç–µ—Ä|—É–ª. –°–≤–æ–±–æ–¥—ã, 35, —Å—Ç—Ä. 17, –ú–æ—Å–∫–≤–∞|+7 (916) 595-40-40, +7 (916) 596-40-40|–µ–∂–µ–¥–Ω–µ–≤–Ω–æ, 10:00‚Äì21:00|–•–æ—Ä–æ—à–∏–π –¥–∏–ª–ª–µ—Ä –ø–æ–¥ —Å—Ç–∞—Ç—å –º–æ—Ç–æ—Ü–∏–∫–ª–∞–º. –ü—Ä–∏–µ–∑–∂–∞–ª –≤ —Å–µ—Ä–≤–∏—Å –ø–æ —Å–æ—Å–µ–¥—Å—Ç–≤—É, –ø–æ–∫–∞ –∂–¥–∞–ª, –ø–æ–±—Ä–æ–¥–∏–ª –ø–æ –º–æ—Ç–æ—Å–∞–ª–æ–Ω—É Ducati. –í–ø–µ—á–∞—Ç–ª—è–µ—Ç, –∫–æ–Ω–µ—á–Ω–æ. –ù–µ–ø–ª–æ—Ö–æ–π —Ç—Ä–∞–Ω—Å–ø–æ—Ä—Ç ‚Ä¶
–êVS-–°–µ—Ä–≤–∏—Å|–õ—é–±–ª–∏–Ω—Å–∫–∞—è —É–ª., 82, —Å—Ç—Ä. 1, –ú–æ—Å–∫–≤–∞|+7 (495) 799-59-59, +7 (901) 259-45-32|–µ–∂–µ–¥–Ω–µ–≤–Ω–æ, 09:00‚Äì21:00|‚Äî
–ë–µ–Ω—Å–µ—Ä|–ù–æ–≤–æ–º–æ—Å–∫–æ–≤—Å–∫–∞—è —É–ª., 1–ñ|+7 (499) 490-57-52, +7 (925) 458-25-86|–ø–Ω-–ø—Ç 12:00‚Äì20:00; —Å–±,–≤—Å 12:00‚Äì18:00|‚Äî
–ê–ö–ü–ü-–¶–µ–Ω—Ç—Ä|1-—è —É–ª. –ò–∑–º–∞–π–ª–æ–≤—Å–∫–æ–≥–æ –ó–≤–µ—Ä–∏–Ω—Ü–∞, 8, –ú–æ—Å–∫–≤–∞|+7 (499) 113-38-36|–µ–∂–µ–¥–Ω–µ–≤–Ω–æ, 09:00‚Äì21:00|‚Äî
–ê–≤—Ç–æ–°–¢–ê–†|—É–ª. –ü—Ä—è–Ω–∏—à–Ω–∏–∫–æ–≤–∞, 19–ê, —Å—Ç—Ä. 2, –ú–æ—Å–∫–≤–∞|+7 (495) 118-22-03|–µ–∂–µ–¥–Ω–µ–≤–Ω–æ, 10:00‚Äì20:00|‚Äî
–ü–¢–¶ –ö–æ–º–¢—Ä–∞–Ω—Å –Æ–≥|–î–æ—Ä–æ–∂–Ω–∞—è —É–ª., 3, –∫–æ—Ä–ø. 20, –ú–æ—Å–∫–≤–∞|+7 (495) 775-34-60, +7 (495) 125-02-41|–µ–∂–µ–¥–Ω–µ–≤–Ω–æ, 09:00‚Äì21:00|–í—Å–µ –±—ã—Å—Ç—Ä–æ –ø—Ä–æ—Ñ–µ—Å—Å–∏–æ–Ω–∞–ª—å–Ω–æ –∏ –∫–∞—á–µ—Å—Ç–≤–µ–Ω–Ω–æ. –í–ø–µ—Ä–≤—ã–µ —è –æ–±—Ä–∞—Ç–∏–ª—Å—è –≤ –ò–∑–º–∞–π–ª–æ–≤–æ —Ü–µ–Ω—Ç—Ä –∏–∑-–∑–∞ —Ç–µ—á–∏ –º–∞—Å–ª–∞ –∏–∑ –ê–ö–ü–ü. –û—Å—Ç–∞–ª—Å—è –ø–æ–ª–Ω–æ—Å—Ç—å—é –¥–æ–≤–æ–ª–µ–Ω. –°–ø–µ—Ü–∏–∞–ª–∏—Å—Ç—ã ‚Ä¶
–ê–ª—å—Ñ–∞-—Ñ–ª–∏—Ç|3-–π –ù–∏–∂–Ω–µ–ª–∏—Ö–æ–±–æ—Ä—Å–∫–∏–π –ø—Ä., 1–ê, –ú–æ—Å–∫–≤–∞|+7 (903) 722-70-08, +7 (495) 722-70-08, +7 (903) 292-01-38|–µ–∂–µ–¥–Ω–µ–≤–Ω–æ, 09:00‚Äì19:00|‚Äî
–î–æ–∫—Ç–æ—Ä –î–∂–∏–ø|—à. –≠–Ω—Ç—É–∑–∏–∞—Å—Ç–æ–≤, 2, —Å—Ç—Ä. 38–ê, –ú–æ—Å–∫–≤–∞|+7 (925) 772-33-41, +7 (495) 772-33-41|–≤—Ç-–≤—Å 10:00‚Äì20:00|‚Äî
–†–ú-–ú–æ—Ç–æ—Ä—Å|–§–µ—Ä–≥–∞–Ω—Å–∫–∞—è —É–ª., 6, –∫–æ—Ä–ø. 2|+7 (903) 539-82-17, +7 (999) 859-34-79, +7 (499) 608-88-48|–ø–Ω-—Å–± 11:00‚Äì21:00|‚Äî
Propellini|–ê–≤–∏–∞—Ü–∏–æ–Ω–Ω–∞—è —É–ª., 79 –∫1, –ú–æ—Å–∫–≤–∞|+7 (991) 936-14-89|–µ–∂–µ–¥–Ω–µ–≤–Ω–æ, 08:00-23:00|–†–µ–º–æ–Ω—Ç –±—ã–ª –≤—ã–ø–æ–ª–Ω–µ–Ω –Ω–∞ –≤—ã—Å–æ–∫–æ–º —É—Ä–æ–≤–Ω–µ, –∏ —É–∂–µ –¥–≤–∞ –º–µ—Å—è—Ü–∞ –Ω–µ—Ç –Ω–∏–∫–∞–∫–∏—Ö –Ω–∞—Ä–µ–∫–∞–Ω–∏–π. –°–µ—Ä–≤–∏—Å –ø—Ä–µ–¥–æ—Å—Ç–∞–≤–ª—è–µ—Ç –∫–∞—á–µ—Å—Ç–≤–µ–Ω–Ω—ã–µ —É—Å–ª—É–≥–∏ –ø–æ –¥–æ—Å—Ç—É–ø–Ω—ã–º —Ü–µ–Ω–∞–º, ‚Ä¶
–ê–≤—Ç–æ–ü–ª—é—Å|–í–µ—Ä–µ–π—Å–∫–∞—è —É–ª., 29, —Å—Ç—Ä. 2, –ú–æ—Å–∫–≤–∞|+7 (901) 519-68-90, +7 (926) 456-60-10, +7 (495) 979-68-90|–µ–∂–µ–¥–Ω–µ–≤–Ω–æ, 10:00‚Äì19:00|‚Äî
–ê–≤—Ç–æ—Å–µ—Ä–≤–∏—Å33|–í–∞—Ä—à–∞–≤—Å–∫–æ–µ —à., 33, –ú–æ—Å–∫–≤–∞|+7 (495) 295-17-05, +7 (926) 512-68-22|–ø–Ω-—Å–± 10:00‚Äì20:50|‚Äî
–ò–≤-–ê–≤—Ç–æ|–í–∞—Ä—à–∞–≤—Å–∫–æ–µ —à., 94, –ú–æ—Å–∫–≤–∞|+7 (926) 400-73-00|–ø–Ω-–ø—Ç 10:00‚Äì22:00; —Å–±,–≤—Å 10:00‚Äì21:00|‚Äî
–ê–ö–ü–ü –¢–∞–≥–∞–Ω–∫–∞|–≠–ª–µ–∫—Ç—Ä–æ–ª–∏—Ç–Ω—ã–π –ø—Ä., 3–ê, —Å—Ç—Ä. 5, –ú–æ—Å–∫–≤–∞|+7 (926) 157-62-41, +7 (901) 529-44-73, +7 (495) 760-11-91, +7 (985) 226-59-86|–ø–Ω-–ø—Ç 10:00‚Äì20:00|–û–±—Å–ª—É–∂–∏–≤–∞—é —Å–≤–æ—é –∞—É–¥–∏ –∏—Å–∫–ª—é—á–∏—Ç–µ–ª—å–Ω–æ –≤ –ê–≤—Ç–æ—Å–µ—Ä–≤–∏—Å–µ 33! –í—Å–µ –Ω–∞—á–∞–ª–æ—Å—å –µ—â–µ 3 –≥–æ–¥–∞ –Ω–∞–∑–∞–¥, —Å —Ä–µ–º–æ–Ω—Ç–∞ –¥–≤–∏–≥–∞—Ç–µ–ª—è, —Ç–∞–∫ –∏ –ø–æ–∑–Ω–∞–∫–æ–º–∏–ª—Å—è —Å ‚Ä¶
–ò–Ω—Ç–µ—Ä-–∞–≤—Ç–æ|–ú–æ–ª–æ–¥–æ–≥–≤–∞—Ä–¥–µ–π—Å–∫–∞—è —É–ª., 61, —Å—Ç—Ä. 4, –ú–æ—Å–∫–≤–∞|+7 (495) 775-12-77|–µ–∂–µ–¥–Ω–µ–≤–Ω–æ, 09:00‚Äì21:00|–ò–≤–∞–Ω –ê–ª–µ–∫—Å–∞–Ω–¥—Ä–æ–≤–∏—á, –í—ã –∫–∞–∫ –≤—Å–µ–≥–¥–∞ –Ω–∞ –≤—ã—Å–æ—Ç–µ ‚úäüèª‚úäüèª –£—á–∏—Ç—ã–≤–∞—è –∏–¥–∏–æ—Ç–∏—á–Ω–æ—Å—Ç—å –∏ –∫–∞–ª–∞–º–±—É—Ä–Ω–æ—Å—Ç—å —Ç–µ–∫—É—â–µ–≥–æ –∞–≤—Ç–æ–º–æ–±–∏–ª—å–Ω–æ–≥–æ —Ä—ã–Ω–∫–∞, —Ö–æ—Ç—å –º—É–ª—å—Ç–∏–∫ —Ä–∏—Å—É–π, –∫–∞–∫ –≤—ã ‚Ä¶
–≠–π–¥–∂–∏—Å–∏ –ú–æ—Ç–æ—Ä—Å|–ù–æ–≤–æ–æ—Å—Ç–∞–ø–æ–≤—Å–∫–∞—è —É–ª., 6–ê, —Å—Ç—Ä. 4, –ú–æ—Å–∫–≤–∞|+7 (495) 414-46-28|–ø–Ω-–ø—Ç 09:00‚Äì19:00|–û–±—Ä–∞—â–∞–ª—Å—è —Å—é–¥–∞ –≤ –ê–ö–ü–ü –¢–∞–≥–∞–Ω–∫—É —Å Land Rover Discovery, –∫–æ—Ä–æ–±–∫–∞ –Ω–∞—á–∞–ª–∞ –ø–∏–Ω–∞—Ç—å—Å—è –∏ —Ç–µ—Ä—è—Ç—å –¥–∞–≤–ª–µ–Ω–∏–µ. –°–¥–µ–ª–∞–ª–∏ –¥–∏–∞–≥–Ω–æ—Å—Ç–∏–∫—É, –Ω–∞—à–ª–∏ –∏–∑–Ω–æ—Å —Ñ—Ä–∏–∫—Ü–∏–æ–Ω–æ–≤ ‚Ä¶
–°–ø–µ—Ü–∞–≤—Ç–æ–±–∞–∑–∞ ‚Ññ 1|3-–π –£–≥—Ä–µ—à—Å–∫–∏–π –ø—Ä., 6, —Å—Ç—Ä. 1, –ú–æ—Å–∫–≤–∞|+7 (499) 702-00-94, +7 (495) 644-49-30, +7 (495) 644-49-35, +7 (495) 156-15-96|–ø–Ω-–ø—Ç 09:00‚Äì18:00|‚Äî
–õ—Ä-–≤–µ—Å—Ç|–†—è–±–∏–Ω–æ–≤–∞—è —É–ª., 28–ê, —Å—Ç—Ä. 2, –ú–æ—Å–∫–≤–∞|+7 (495) 374-50-67|–µ–∂–µ–¥–Ω–µ–≤–Ω–æ, 09:00‚Äì21:00|‚Äî
Fps Service|2-–π –•–æ—Ä–æ—à—ë–≤—Å–∫–∏–π –ø—Ä., 7, —Å—Ç—Ä. 20|+7 (965) 435-95-95|–ø–Ω-—Å–± 10:00‚Äì22:00|‚Äî
–ú–æ—Å–∞–≤—Ç–æ—Ä–µ–º–æ–Ω—Ç|–ì—Ä–∞—Ñ—Å–∫–∏–π –ø–µ—Ä., 14–ë, –ú–æ—Å–∫–≤–∞|+7 (495) 768-71-11, +7 (917) 516-67-77|–µ–∂–µ–¥–Ω–µ–≤–Ω–æ, 09:00‚Äì20:00|‚Äî
77—Å—Ç–æ|–†—è–±–∏–Ω–æ–≤–∞—è —É–ª., 28–ê, —Å—Ç—Ä. 12, –ú–æ—Å–∫–≤–∞|+7 (495) 146-93-78, +7 (901) 519-77-07|–µ–∂–µ–¥–Ω–µ–≤–Ω–æ, 09:00‚Äì19:00|–û–±—Ä–∞—â–∞–ª—Å—è —É–∂–µ –Ω–µ—Å–∫–æ–ª—å–∫–æ —Ä–∞–∑, —Ä–µ–±—è—Ç–∞ –≤—Å–µ–≥–¥–∞ –ø–æ–¥—Å–∫–∞–∂—É—Ç, —á—Ç–æ –≤—ã–≥–æ–¥–Ω–µ–µ –∏ –ª—É—á—à–µ —Å–¥–µ–ª–∞—Ç—å. –†–∞—Å–ø–æ–ª–æ–∂–µ–Ω–∏–µ –∞–≤—Ç–æ—Å–µ—Ä–≤–∏—Å–∞ –æ—á–µ–Ω—å —É–¥–æ–±–Ω–æ–µ, –º–∞—Å—Ç–µ—Ä–∞ —Ä–∞–±–æ—Ç—É –≤—ã–ø–æ–ª–Ω—è—é—Ç —Ö–æ—Ä–æ—à–æ. ‚Ä¶
–î–∏–¥–∂–∏—Ç—Ä–æ–Ω–∏–∫|–ò–ª—å–º–µ–Ω—Å–∫–∏–π –ø—Ä., 9, —Å—Ç—Ä. 1, –ú–æ—Å–∫–≤–∞|+7 (495) 255-27-23, 8 (800) 775-25-23|–ø–Ω-—á—Ç 08:30‚Äì17:00; –ø—Ç 08:30‚Äì15:00|‚Äî
–ß–µ–∫–∞–≤—Ç–æ|—É–ª. –ü–æ–ª—è–Ω—ã, 6, –ú–æ—Å–∫–≤–∞|+7 (926) 327-00-07, +7 (903) 968-47-31, +7 (495) 711-02-35|–µ–∂–µ–¥–Ω–µ–≤–Ω–æ, 09:00‚Äì20:00|‚Äî
Carlife —Å–µ—Ä–≤–∏—Å|—É–ª. –ú–Ω—ë–≤–Ω–∏–∫–∏, 1, —Å—Ç—Ä. 5|+7 (968) 198-83-22, 8 (800) 201-15-45|–µ–∂–µ–¥–Ω–µ–≤–Ω–æ, 09:00‚Äì21:00|‚Äî
–ê–º–¥–ó–∞–ø|—É–ª. –ö—Ä–∞—Å–Ω–æ–≥–æ –ú–∞—è–∫–∞, 16, –ú–æ—Å–∫–≤–∞|+7 (495) 127-61-18|–µ–∂–µ–¥–Ω–µ–≤–Ω–æ, 09:00‚Äì20:00|‚Äî
–ò—Å—É–∑—É-–∫–ª—É–±|—É–ª. –ê–¥–º–∏—Ä–∞–ª–∞ –õ–∞–∑–∞—Ä–µ–≤–∞, 34, –ú–æ—Å–∫–≤–∞|+7 (968) 913-04-81, +7 (905) 542-96-96|–ø–Ω-—Å–± 09:00‚Äì19:00|‚Äî
